INSERT INTO address(id, street) values (1,'Ленина 1');
INSERT INTO address(id, street) values (2,'Ленина 2');
INSERT INTO address(id, street) values (3,'Ленина 3');
INSERT INTO address(id, street) values (4,'Ленина 4');
INSERT INTO address(id, street) values (5,'Ленина 5');
INSERT INTO address(id, street) values (6,'Ленина 6');
INSERT INTO address(id, street) values (7,'Ленина 7');
INSERT INTO address(id, street) values (8,'Ленина 8');
INSERT INTO address(id, street) values (9,'Ленина 9');
INSERT INTO address(id, street) values (10,'Ленина 10');
INSERT INTO address(id, street) values (11,'Ленина 11');
INSERT INTO address(id, street) values (12,'Ленина 12');
INSERT INTO address(id, street) values (13,'Ленина 13');
INSERT INTO address(id, street) values (14,'Ленина 14');
INSERT INTO address(id, street) values (15,'Ленина 15');
INSERT INTO address(id, street) values (16,'Ленина 16');
INSERT INTO address(id, street) values (17,'Ленина 17');
INSERT INTO address(id, street) values (18,'Ленина 18');
INSERT INTO address(id, street) values (19,'Ленина 19');
INSERT INTO address(id, street) values (20,'Ленина 20');
INSERT INTO address(id, street) values (21,'Ленина 21');
INSERT INTO address(id, street) values (22,'Ленина 22');
INSERT INTO address(id, street) values (23,'Ленина 23');
INSERT INTO address(id, street) values (24,'Ленина 24');
INSERT INTO address(id, street) values (25,'Ленина 25');
INSERT INTO address(id, street) values (26,'Ленина 26');
INSERT INTO address(id, street) values (27,'Ленина 27');
INSERT INTO address(id, street) values (28,'Ленина 28');
INSERT INTO address(id, street) values (29,'Ленина 29');
INSERT INTO address(id, street) values (30,'Ленина 30');
INSERT INTO address(id, street) values (31,'Ленина 31');
INSERT INTO address(id, street) values (32,'Ленина 32');
INSERT INTO address(id, street) values (33,'Ленина 33');
INSERT INTO address(id, street) values (34,'Ленина 34');
INSERT INTO address(id, street) values (35,'Ленина 35');
INSERT INTO address(id, street) values (36,'Ленина 36');
INSERT INTO address(id, street) values (37,'Ленина 37');
INSERT INTO address(id, street) values (38,'Ленина 38');
INSERT INTO address(id, street) values (39,'Ленина 39');
INSERT INTO address(id, street) values (40,'Ленина 40');
INSERT INTO address(id, street) values (41,'Ленина 41');
INSERT INTO address(id, street) values (42,'Ленина 42');
INSERT INTO address(id, street) values (43,'Ленина 43');
INSERT INTO address(id, street) values (44,'Ленина 44');
INSERT INTO address(id, street) values (45,'Ленина 45');
INSERT INTO address(id, street) values (46,'Ленина 46');
INSERT INTO address(id, street) values (47,'Ленина 47');
INSERT INTO address(id, street) values (48,'Ленина 48');
INSERT INTO address(id, street) values (49,'Ленина 49');
INSERT INTO address(id, street) values (50,'Ленина 50');
INSERT INTO address(id, street) values (51,'Ленина 51');
INSERT INTO address(id, street) values (52,'Ленина 52');
INSERT INTO address(id, street) values (53,'Ленина 53');
INSERT INTO address(id, street) values (54,'Ленина 54');
INSERT INTO address(id, street) values (55,'Ленина 55');
INSERT INTO address(id, street) values (56,'Ленина 56');
INSERT INTO address(id, street) values (57,'Ленина 57');
INSERT INTO address(id, street) values (58,'Ленина 58');
INSERT INTO address(id, street) values (59,'Ленина 59');
INSERT INTO address(id, street) values (60,'Ленина 60');
INSERT INTO address(id, street) values (61,'Ленина 61');
INSERT INTO address(id, street) values (62,'Ленина 62');
INSERT INTO address(id, street) values (63,'Ленина 63');
INSERT INTO address(id, street) values (64,'Ленина 64');
INSERT INTO address(id, street) values (65,'Ленина 65');
INSERT INTO address(id, street) values (66,'Ленина 66');
INSERT INTO address(id, street) values (67,'Ленина 67');
INSERT INTO address(id, street) values (68,'Ленина 68');
INSERT INTO address(id, street) values (69,'Ленина 69');
INSERT INTO address(id, street) values (70,'Ленина 70');
INSERT INTO address(id, street) values (71,'Ленина 71');
INSERT INTO address(id, street) values (72,'Ленина 72');
INSERT INTO address(id, street) values (73,'Ленина 73');
INSERT INTO address(id, street) values (74,'Ленина 74');
INSERT INTO address(id, street) values (75,'Ленина 75');
INSERT INTO address(id, street) values (76,'Ленина 76');
INSERT INTO address(id, street) values (77,'Ленина 77');
INSERT INTO address(id, street) values (78,'Ленина 78');
INSERT INTO address(id, street) values (79,'Ленина 79');
INSERT INTO address(id, street) values (80,'Ленина 80');
INSERT INTO address(id, street) values (81,'Ленина 81');
INSERT INTO address(id, street) values (82,'Ленина 82');
INSERT INTO address(id, street) values (83,'Ленина 83');
INSERT INTO address(id, street) values (84,'Ленина 84');
INSERT INTO address(id, street) values (85,'Ленина 85');
INSERT INTO address(id, street) values (86,'Ленина 86');
INSERT INTO address(id, street) values (87,'Ленина 87');
INSERT INTO address(id, street) values (88,'Ленина 88');
INSERT INTO address(id, street) values (89,'Ленина 89');
INSERT INTO address(id, street) values (90,'Ленина 90');
INSERT INTO address(id, street) values (91,'Ленина 91');
INSERT INTO address(id, street) values (92,'Ленина 92');
INSERT INTO address(id, street) values (93,'Ленина 93');
INSERT INTO address(id, street) values (94,'Ленина 94');
INSERT INTO address(id, street) values (95,'Ленина 95');
INSERT INTO address(id, street) values (96,'Ленина 96');
INSERT INTO address(id, street) values (97,'Ленина 97');
INSERT INTO address(id, street) values (98,'Ленина 98');
INSERT INTO address(id, street) values (99,'Ленина 99');
INSERT INTO address(id, street) values (100,'Ленина 100');
INSERT INTO user(id, name, age, address_id) values(1,'Иванов 1',25,1);
INSERT INTO user(id, name, age, address_id) values(2,'Иванов 2',26,2);
INSERT INTO user(id, name, age, address_id) values(3,'Иванов 3',27,3);
INSERT INTO user(id, name, age, address_id) values(4,'Иванов 4',28,4);
INSERT INTO user(id, name, age, address_id) values(5,'Иванов 5',29,5);
INSERT INTO user(id, name, age, address_id) values(6,'Иванов 6',30,6);
INSERT INTO user(id, name, age, address_id) values(7,'Иванов 7',31,7);
INSERT INTO user(id, name, age, address_id) values(8,'Иванов 8',32,8);
INSERT INTO user(id, name, age, address_id) values(9,'Иванов 9',33,9);
INSERT INTO user(id, name, age, address_id) values(10,'Иванов 10',34,10);
INSERT INTO user(id, name, age, address_id) values(11,'Иванов 11',35,11);
INSERT INTO user(id, name, age, address_id) values(12,'Иванов 12',36,12);
INSERT INTO user(id, name, age, address_id) values(13,'Иванов 13',37,13);
INSERT INTO user(id, name, age, address_id) values(14,'Иванов 14',38,14);
INSERT INTO user(id, name, age, address_id) values(15,'Иванов 15',39,15);
INSERT INTO user(id, name, age, address_id) values(16,'Иванов 16',40,16);
INSERT INTO user(id, name, age, address_id) values(17,'Иванов 17',41,17);
INSERT INTO user(id, name, age, address_id) values(18,'Иванов 18',42,18);
INSERT INTO user(id, name, age, address_id) values(19,'Иванов 19',43,19);
INSERT INTO user(id, name, age, address_id) values(20,'Иванов 20',44,20);
INSERT INTO user(id, name, age, address_id) values(21,'Иванов 21',45,21);
INSERT INTO user(id, name, age, address_id) values(22,'Иванов 22',46,22);
INSERT INTO user(id, name, age, address_id) values(23,'Иванов 23',47,23);
INSERT INTO user(id, name, age, address_id) values(24,'Иванов 24',48,24);
INSERT INTO user(id, name, age, address_id) values(25,'Иванов 25',49,25);
INSERT INTO user(id, name, age, address_id) values(26,'Иванов 26',50,26);
INSERT INTO user(id, name, age, address_id) values(27,'Иванов 27',51,27);
INSERT INTO user(id, name, age, address_id) values(28,'Иванов 28',52,28);
INSERT INTO user(id, name, age, address_id) values(29,'Иванов 29',53,29);
INSERT INTO user(id, name, age, address_id) values(30,'Иванов 30',54,30);
INSERT INTO user(id, name, age, address_id) values(31,'Иванов 31',55,31);
INSERT INTO user(id, name, age, address_id) values(32,'Иванов 32',56,32);
INSERT INTO user(id, name, age, address_id) values(33,'Иванов 33',57,33);
INSERT INTO user(id, name, age, address_id) values(34,'Иванов 34',58,34);
INSERT INTO user(id, name, age, address_id) values(35,'Иванов 35',59,35);
INSERT INTO user(id, name, age, address_id) values(36,'Иванов 36',60,36);
INSERT INTO user(id, name, age, address_id) values(37,'Иванов 37',61,37);
INSERT INTO user(id, name, age, address_id) values(38,'Иванов 38',62,38);
INSERT INTO user(id, name, age, address_id) values(39,'Иванов 39',63,39);
INSERT INTO user(id, name, age, address_id) values(40,'Иванов 40',64,40);
INSERT INTO user(id, name, age, address_id) values(41,'Иванов 41',65,41);
INSERT INTO user(id, name, age, address_id) values(42,'Иванов 42',66,42);
INSERT INTO user(id, name, age, address_id) values(43,'Иванов 43',67,43);
INSERT INTO user(id, name, age, address_id) values(44,'Иванов 44',68,44);
INSERT INTO user(id, name, age, address_id) values(45,'Иванов 45',69,45);
INSERT INTO user(id, name, age, address_id) values(46,'Иванов 46',70,46);
INSERT INTO user(id, name, age, address_id) values(47,'Иванов 47',71,47);
INSERT INTO user(id, name, age, address_id) values(48,'Иванов 48',72,48);
INSERT INTO user(id, name, age, address_id) values(49,'Иванов 49',73,49);
INSERT INTO user(id, name, age, address_id) values(50,'Иванов 50',74,50);
INSERT INTO user(id, name, age, address_id) values(51,'Иванов 51',75,51);
INSERT INTO user(id, name, age, address_id) values(52,'Иванов 52',76,52);
INSERT INTO user(id, name, age, address_id) values(53,'Иванов 53',77,53);
INSERT INTO user(id, name, age, address_id) values(54,'Иванов 54',78,54);
INSERT INTO user(id, name, age, address_id) values(55,'Иванов 55',79,55);
INSERT INTO user(id, name, age, address_id) values(56,'Иванов 56',80,56);
INSERT INTO user(id, name, age, address_id) values(57,'Иванов 57',81,57);
INSERT INTO user(id, name, age, address_id) values(58,'Иванов 58',82,58);
INSERT INTO user(id, name, age, address_id) values(59,'Иванов 59',83,59);
INSERT INTO user(id, name, age, address_id) values(60,'Иванов 60',84,60);
INSERT INTO user(id, name, age, address_id) values(61,'Иванов 61',85,61);
INSERT INTO user(id, name, age, address_id) values(62,'Иванов 62',86,62);
INSERT INTO user(id, name, age, address_id) values(63,'Иванов 63',87,63);
INSERT INTO user(id, name, age, address_id) values(64,'Иванов 64',88,64);
INSERT INTO user(id, name, age, address_id) values(65,'Иванов 65',89,65);
INSERT INTO user(id, name, age, address_id) values(66,'Иванов 66',90,66);
INSERT INTO user(id, name, age, address_id) values(67,'Иванов 67',91,67);
INSERT INTO user(id, name, age, address_id) values(68,'Иванов 68',92,68);
INSERT INTO user(id, name, age, address_id) values(69,'Иванов 69',93,69);
INSERT INTO user(id, name, age, address_id) values(70,'Иванов 70',94,70);
INSERT INTO user(id, name, age, address_id) values(71,'Иванов 71',95,71);
INSERT INTO user(id, name, age, address_id) values(72,'Иванов 72',96,72);
INSERT INTO user(id, name, age, address_id) values(73,'Иванов 73',97,73);
INSERT INTO user(id, name, age, address_id) values(74,'Иванов 74',98,74);
INSERT INTO user(id, name, age, address_id) values(75,'Иванов 75',99,75);
INSERT INTO user(id, name, age, address_id) values(76,'Иванов 76',100,76);
INSERT INTO user(id, name, age, address_id) values(77,'Иванов 77',101,77);
INSERT INTO user(id, name, age, address_id) values(78,'Иванов 78',102,78);
INSERT INTO user(id, name, age, address_id) values(79,'Иванов 79',103,79);
INSERT INTO user(id, name, age, address_id) values(80,'Иванов 80',104,80);
INSERT INTO user(id, name, age, address_id) values(81,'Иванов 81',105,81);
INSERT INTO user(id, name, age, address_id) values(82,'Иванов 82',106,82);
INSERT INTO user(id, name, age, address_id) values(83,'Иванов 83',107,83);
INSERT INTO user(id, name, age, address_id) values(84,'Иванов 84',108,84);
INSERT INTO user(id, name, age, address_id) values(85,'Иванов 85',109,85);
INSERT INTO user(id, name, age, address_id) values(86,'Иванов 86',110,86);
INSERT INTO user(id, name, age, address_id) values(87,'Иванов 87',111,87);
INSERT INTO user(id, name, age, address_id) values(88,'Иванов 88',112,88);
INSERT INTO user(id, name, age, address_id) values(89,'Иванов 89',113,89);
INSERT INTO user(id, name, age, address_id) values(90,'Иванов 90',114,90);
INSERT INTO user(id, name, age, address_id) values(91,'Иванов 91',115,91);
INSERT INTO user(id, name, age, address_id) values(92,'Иванов 92',116,92);
INSERT INTO user(id, name, age, address_id) values(93,'Иванов 93',117,93);
INSERT INTO user(id, name, age, address_id) values(94,'Иванов 94',118,94);
INSERT INTO user(id, name, age, address_id) values(95,'Иванов 95',119,95);
INSERT INTO user(id, name, age, address_id) values(96,'Иванов 96',120,96);
INSERT INTO user(id, name, age, address_id) values(97,'Иванов 97',121,97);
INSERT INTO user(id, name, age, address_id) values(98,'Иванов 98',122,98);
INSERT INTO user(id, name, age, address_id) values(99,'Иванов 99',123,99);
INSERT INTO user(id, name, age, address_id) values(100,'Иванов 100',124,100);
INSERT INTO phone(id, number, user_id) values(1,'79216151234',1);
INSERT INTO phone(id, number, user_id) values(2,'79216151235',2);
INSERT INTO phone(id, number, user_id) values(3,'79216151236',3);
INSERT INTO phone(id, number, user_id) values(4,'79216151237',4);
INSERT INTO phone(id, number, user_id) values(5,'79216151238',5);
INSERT INTO phone(id, number, user_id) values(6,'79216151239',6);
INSERT INTO phone(id, number, user_id) values(7,'79216151240',7);
INSERT INTO phone(id, number, user_id) values(8,'79216151241',8);
INSERT INTO phone(id, number, user_id) values(9,'79216151242',9);
INSERT INTO phone(id, number, user_id) values(10,'79216151243',10);
INSERT INTO phone(id, number, user_id) values(11,'79216151244',11);
INSERT INTO phone(id, number, user_id) values(12,'79216151245',12);
INSERT INTO phone(id, number, user_id) values(13,'79216151246',13);
INSERT INTO phone(id, number, user_id) values(14,'79216151247',14);
INSERT INTO phone(id, number, user_id) values(15,'79216151248',15);
INSERT INTO phone(id, number, user_id) values(16,'79216151249',16);
INSERT INTO phone(id, number, user_id) values(17,'79216151250',17);
INSERT INTO phone(id, number, user_id) values(18,'79216151251',18);
INSERT INTO phone(id, number, user_id) values(19,'79216151252',19);
INSERT INTO phone(id, number, user_id) values(20,'79216151253',20);
INSERT INTO phone(id, number, user_id) values(21,'79216151254',21);
INSERT INTO phone(id, number, user_id) values(22,'79216151255',22);
INSERT INTO phone(id, number, user_id) values(23,'79216151256',23);
INSERT INTO phone(id, number, user_id) values(24,'79216151257',24);
INSERT INTO phone(id, number, user_id) values(25,'79216151258',25);
INSERT INTO phone(id, number, user_id) values(26,'79216151259',26);
INSERT INTO phone(id, number, user_id) values(27,'79216151260',27);
INSERT INTO phone(id, number, user_id) values(28,'79216151261',28);
INSERT INTO phone(id, number, user_id) values(29,'79216151262',29);
INSERT INTO phone(id, number, user_id) values(30,'79216151263',30);
INSERT INTO phone(id, number, user_id) values(31,'79216151264',31);
INSERT INTO phone(id, number, user_id) values(32,'79216151265',32);
INSERT INTO phone(id, number, user_id) values(33,'79216151266',33);
INSERT INTO phone(id, number, user_id) values(34,'79216151267',34);
INSERT INTO phone(id, number, user_id) values(35,'79216151268',35);
INSERT INTO phone(id, number, user_id) values(36,'79216151269',36);
INSERT INTO phone(id, number, user_id) values(37,'79216151270',37);
INSERT INTO phone(id, number, user_id) values(38,'79216151271',38);
INSERT INTO phone(id, number, user_id) values(39,'79216151272',39);
INSERT INTO phone(id, number, user_id) values(40,'79216151273',40);
INSERT INTO phone(id, number, user_id) values(41,'79216151274',41);
INSERT INTO phone(id, number, user_id) values(42,'79216151275',42);
INSERT INTO phone(id, number, user_id) values(43,'79216151276',43);
INSERT INTO phone(id, number, user_id) values(44,'79216151277',44);
INSERT INTO phone(id, number, user_id) values(45,'79216151278',45);
INSERT INTO phone(id, number, user_id) values(46,'79216151279',46);
INSERT INTO phone(id, number, user_id) values(47,'79216151280',47);
INSERT INTO phone(id, number, user_id) values(48,'79216151281',48);
INSERT INTO phone(id, number, user_id) values(49,'79216151282',49);
INSERT INTO phone(id, number, user_id) values(50,'79216151283',50);
INSERT INTO phone(id, number, user_id) values(51,'79216151284',51);
INSERT INTO phone(id, number, user_id) values(52,'79216151285',52);
INSERT INTO phone(id, number, user_id) values(53,'79216151286',53);
INSERT INTO phone(id, number, user_id) values(54,'79216151287',54);
INSERT INTO phone(id, number, user_id) values(55,'79216151288',55);
INSERT INTO phone(id, number, user_id) values(56,'79216151289',56);
INSERT INTO phone(id, number, user_id) values(57,'79216151290',57);
INSERT INTO phone(id, number, user_id) values(58,'79216151291',58);
INSERT INTO phone(id, number, user_id) values(59,'79216151292',59);
INSERT INTO phone(id, number, user_id) values(60,'79216151293',60);
INSERT INTO phone(id, number, user_id) values(61,'79216151294',61);
INSERT INTO phone(id, number, user_id) values(62,'79216151295',62);
INSERT INTO phone(id, number, user_id) values(63,'79216151296',63);
INSERT INTO phone(id, number, user_id) values(64,'79216151297',64);
INSERT INTO phone(id, number, user_id) values(65,'79216151298',65);
INSERT INTO phone(id, number, user_id) values(66,'79216151299',66);
INSERT INTO phone(id, number, user_id) values(67,'79216151300',67);
INSERT INTO phone(id, number, user_id) values(68,'79216151301',68);
INSERT INTO phone(id, number, user_id) values(69,'79216151302',69);
INSERT INTO phone(id, number, user_id) values(70,'79216151303',70);
INSERT INTO phone(id, number, user_id) values(71,'79216151304',71);
INSERT INTO phone(id, number, user_id) values(72,'79216151305',72);
INSERT INTO phone(id, number, user_id) values(73,'79216151306',73);
INSERT INTO phone(id, number, user_id) values(74,'79216151307',74);
INSERT INTO phone(id, number, user_id) values(75,'79216151308',75);
INSERT INTO phone(id, number, user_id) values(76,'79216151309',76);
INSERT INTO phone(id, number, user_id) values(77,'79216151310',77);
INSERT INTO phone(id, number, user_id) values(78,'79216151311',78);
INSERT INTO phone(id, number, user_id) values(79,'79216151312',79);
INSERT INTO phone(id, number, user_id) values(80,'79216151313',80);
INSERT INTO phone(id, number, user_id) values(81,'79216151314',81);
INSERT INTO phone(id, number, user_id) values(82,'79216151315',82);
INSERT INTO phone(id, number, user_id) values(83,'79216151316',83);
INSERT INTO phone(id, number, user_id) values(84,'79216151317',84);
INSERT INTO phone(id, number, user_id) values(85,'79216151318',85);
INSERT INTO phone(id, number, user_id) values(86,'79216151319',86);
INSERT INTO phone(id, number, user_id) values(87,'79216151320',87);
INSERT INTO phone(id, number, user_id) values(88,'79216151321',88);
INSERT INTO phone(id, number, user_id) values(89,'79216151322',89);
INSERT INTO phone(id, number, user_id) values(90,'79216151323',90);
INSERT INTO phone(id, number, user_id) values(91,'79216151324',91);
INSERT INTO phone(id, number, user_id) values(92,'79216151325',92);
INSERT INTO phone(id, number, user_id) values(93,'79216151326',93);
INSERT INTO phone(id, number, user_id) values(94,'79216151327',94);
INSERT INTO phone(id, number, user_id) values(95,'79216151328',95);
INSERT INTO phone(id, number, user_id) values(96,'79216151329',96);
INSERT INTO phone(id, number, user_id) values(97,'79216151330',97);
INSERT INTO phone(id, number, user_id) values(98,'79216151331',98);
INSERT INTO phone(id, number, user_id) values(99,'79216151332',99);
INSERT INTO phone(id, number, user_id) values(100,'79216151333',100);
INSERT INTO phone(id, number, user_id) values(101,'79163470001',1);
INSERT INTO phone(id, number, user_id) values(102,'79163470002',2);
INSERT INTO phone(id, number, user_id) values(103,'79163470003',3);
INSERT INTO phone(id, number, user_id) values(104,'79163470004',4);
INSERT INTO phone(id, number, user_id) values(105,'79163470005',5);
INSERT INTO phone(id, number, user_id) values(106,'79163470006',6);
INSERT INTO phone(id, number, user_id) values(107,'79163470007',7);
INSERT INTO phone(id, number, user_id) values(108,'79163470008',8);
INSERT INTO phone(id, number, user_id) values(109,'79163470009',9);
INSERT INTO phone(id, number, user_id) values(110,'79163470010',10);
INSERT INTO phone(id, number, user_id) values(111,'79163470011',11);
INSERT INTO phone(id, number, user_id) values(112,'79163470012',12);
INSERT INTO phone(id, number, user_id) values(113,'79163470013',13);
INSERT INTO phone(id, number, user_id) values(114,'79163470014',14);
INSERT INTO phone(id, number, user_id) values(115,'79163470015',15);
INSERT INTO phone(id, number, user_id) values(116,'79163470016',16);
INSERT INTO phone(id, number, user_id) values(117,'79163470017',17);
INSERT INTO phone(id, number, user_id) values(118,'79163470018',18);
INSERT INTO phone(id, number, user_id) values(119,'79163470019',19);
INSERT INTO phone(id, number, user_id) values(120,'79163470020',20);
INSERT INTO phone(id, number, user_id) values(121,'79163470021',21);
INSERT INTO phone(id, number, user_id) values(122,'79163470022',22);
INSERT INTO phone(id, number, user_id) values(123,'79163470023',23);
INSERT INTO phone(id, number, user_id) values(124,'79163470024',24);
INSERT INTO phone(id, number, user_id) values(125,'79163470025',25);
INSERT INTO phone(id, number, user_id) values(126,'79163470026',26);
INSERT INTO phone(id, number, user_id) values(127,'79163470027',27);
INSERT INTO phone(id, number, user_id) values(128,'79163470028',28);
INSERT INTO phone(id, number, user_id) values(129,'79163470029',29);
INSERT INTO phone(id, number, user_id) values(130,'79163470030',30);
INSERT INTO phone(id, number, user_id) values(131,'79163470031',31);
INSERT INTO phone(id, number, user_id) values(132,'79163470032',32);
INSERT INTO phone(id, number, user_id) values(133,'79163470033',33);
INSERT INTO phone(id, number, user_id) values(134,'79163470034',34);
INSERT INTO phone(id, number, user_id) values(135,'79163470035',35);
INSERT INTO phone(id, number, user_id) values(136,'79163470036',36);
INSERT INTO phone(id, number, user_id) values(137,'79163470037',37);
INSERT INTO phone(id, number, user_id) values(138,'79163470038',38);
INSERT INTO phone(id, number, user_id) values(139,'79163470039',39);
INSERT INTO phone(id, number, user_id) values(140,'79163470040',40);
INSERT INTO phone(id, number, user_id) values(141,'79163470041',41);
INSERT INTO phone(id, number, user_id) values(142,'79163470042',42);
INSERT INTO phone(id, number, user_id) values(143,'79163470043',43);
INSERT INTO phone(id, number, user_id) values(144,'79163470044',44);
INSERT INTO phone(id, number, user_id) values(145,'79163470045',45);
INSERT INTO phone(id, number, user_id) values(146,'79163470046',46);
INSERT INTO phone(id, number, user_id) values(147,'79163470047',47);
INSERT INTO phone(id, number, user_id) values(148,'79163470048',48);
INSERT INTO phone(id, number, user_id) values(149,'79163470049',49);
INSERT INTO phone(id, number, user_id) values(150,'79163470050',50);
INSERT INTO phone(id, number, user_id) values(151,'79163470051',51);
INSERT INTO phone(id, number, user_id) values(152,'79163470052',52);
INSERT INTO phone(id, number, user_id) values(153,'79163470053',53);
INSERT INTO phone(id, number, user_id) values(154,'79163470054',54);
INSERT INTO phone(id, number, user_id) values(155,'79163470055',55);
INSERT INTO phone(id, number, user_id) values(156,'79163470056',56);
INSERT INTO phone(id, number, user_id) values(157,'79163470057',57);
INSERT INTO phone(id, number, user_id) values(158,'79163470058',58);
INSERT INTO phone(id, number, user_id) values(159,'79163470059',59);
INSERT INTO phone(id, number, user_id) values(160,'79163470060',60);
INSERT INTO phone(id, number, user_id) values(161,'79163470061',61);
INSERT INTO phone(id, number, user_id) values(162,'79163470062',62);
INSERT INTO phone(id, number, user_id) values(163,'79163470063',63);
INSERT INTO phone(id, number, user_id) values(164,'79163470064',64);
INSERT INTO phone(id, number, user_id) values(165,'79163470065',65);
INSERT INTO phone(id, number, user_id) values(166,'79163470066',66);
INSERT INTO phone(id, number, user_id) values(167,'79163470067',67);
INSERT INTO phone(id, number, user_id) values(168,'79163470068',68);
INSERT INTO phone(id, number, user_id) values(169,'79163470069',69);
INSERT INTO phone(id, number, user_id) values(170,'79163470070',70);
INSERT INTO phone(id, number, user_id) values(171,'79163470071',71);
INSERT INTO phone(id, number, user_id) values(172,'79163470072',72);
INSERT INTO phone(id, number, user_id) values(173,'79163470073',73);
INSERT INTO phone(id, number, user_id) values(174,'79163470074',74);
INSERT INTO phone(id, number, user_id) values(175,'79163470075',75);
INSERT INTO phone(id, number, user_id) values(176,'79163470076',76);
INSERT INTO phone(id, number, user_id) values(177,'79163470077',77);
INSERT INTO phone(id, number, user_id) values(178,'79163470078',78);
INSERT INTO phone(id, number, user_id) values(179,'79163470079',79);
INSERT INTO phone(id, number, user_id) values(180,'79163470080',80);
INSERT INTO phone(id, number, user_id) values(181,'79163470081',81);
INSERT INTO phone(id, number, user_id) values(182,'79163470082',82);
INSERT INTO phone(id, number, user_id) values(183,'79163470083',83);
INSERT INTO phone(id, number, user_id) values(184,'79163470084',84);
INSERT INTO phone(id, number, user_id) values(185,'79163470085',85);
INSERT INTO phone(id, number, user_id) values(186,'79163470086',86);
INSERT INTO phone(id, number, user_id) values(187,'79163470087',87);
INSERT INTO phone(id, number, user_id) values(188,'79163470088',88);
INSERT INTO phone(id, number, user_id) values(189,'79163470089',89);
INSERT INTO phone(id, number, user_id) values(190,'79163470090',90);
INSERT INTO phone(id, number, user_id) values(191,'79163470091',91);
INSERT INTO phone(id, number, user_id) values(192,'79163470092',92);
INSERT INTO phone(id, number, user_id) values(193,'79163470093',93);
INSERT INTO phone(id, number, user_id) values(194,'79163470094',94);
INSERT INTO phone(id, number, user_id) values(195,'79163470095',95);
INSERT INTO phone(id, number, user_id) values(196,'79163470096',96);
INSERT INTO phone(id, number, user_id) values(197,'79163470097',97);
INSERT INTO phone(id, number, user_id) values(198,'79163470098',98);
INSERT INTO phone(id, number, user_id) values(199,'79163470099',99);
INSERT INTO phone(id, number, user_id) values(200,'79163470100',100);

